﻿기호,이름,정당,대분류,중분류,한 줄 공약 (키워드),목표
1,이재명,더불어민주당,코로나19,,코로나 펜데믹 극복,
1,이재명,더불어민주당,코로나19,,피해 소상공인 지원,
1,이재명,더불어민주당,경제,,수출 1조 | 국민소득 5만 | 주가지수 5000 달성,
1,이재명,더불어민주당,경제,,경제적 기본권 보장,
1,이재명,더불어민주당,성,여성,여성 안심 평등사회,
1,이재명,더불어민주당,복지,청년,청년 기회국가' 건설,
1,이재명,더불어민주당,경제,부동산,내집마련 | 주거안정 실현,
1,이재명,더불어민주당,행정,,함께 잘사는 균형발전,
1,이재명,더불어민주당,복지,,돌봄 국가책임제,
1,이재명,더불어민주당,경제,노동,노동자 권리 보장,
1,이재명,더불어민주당,경제,일자리,공정 일자리 정책,
1,이재명,더불어민주당,교육,,미래인재 양성 / 공교육 내실화,
1,이재명,더불어민주당,경제,과학,과학기술 5대 강국 실현,
1,이재명,더불어민주당,복지,문화,문화콘텐츠 확대,
1,이재명,더불어민주당,복지,동물,동물 행복 사회,
1,이재명,더불어민주당,행정,통신,미디어 산업 성장,
1,이재명,더불어민주당,정치,,국민 주권 실현 위한 정치 | 사법 개혁,
1,이재명,더불어민주당,정치,국방,스마트 강군 건설,
1,이재명,더불어민주당,정치,외교,국익 중심의 실용외교,
1,이재명,더불어민주당,정치,통일,한반도 비핵화 | 평화체제,
2,윤석열,국민의 힘,코로나19,,코로나 극복 긴급 구조 | 포스트 코로나 플랜,
2,윤석열,국민의 힘,경제,일자리,지속 가능한 좋은 일자리 창출,
2,윤석열,국민의 힘,경제,부동산,주택 250만호 이상 공급,
2,윤석열,국민의 힘,정치,,디지털 플랫폼 정부 | 대통령실 개혁,
2,윤석열,국민의 힘,경제,과학,원천기술 선도국가로,
2,윤석열,국민의 힘,성,여성,임신부터 양육까지 국가 책임 강화,
2,윤석열,국민의 힘,복지,청년,청년의 공정한 사회 | 여성가족부 폐지,
2,윤석열,국민의 힘,정치,통일,당당한 외교,
2,윤석열,국민의 힘,환경,,탄소중립 | 원전 최강국,
2,윤석열,국민의 힘,교육,,공정한 교육 | 미래인재 육성,
2,윤석열,국민의 힘,복지,문화,모두가 누리는 문화복지,
3,심상정,정의당,환경,,기후위기 극복 | 탈탄소사회,
3,심상정,정의당,행정,교통,기후위기 시대 교통정책 전환,
3,심상정,정의당,경제,노동,노동 기본권 보장,
3,심상정,정의당,경제,일자리,전국민 일자리 보장제,
3,심상정,정의당,코로나19,,자영업자 피해지원,
3,심상정,정의당,복지,,농산어촌의 녹색대전환,
3,심상정,정의당,성,,성폭력 없는 안전 사회 | 성평등 일터,
3,심상정,정의당,성,여성,성평등 사회 실현,
3,심상정,정의당,복지,청년,청년 미래사회 보장,
3,심상정,정의당,복지,아동 청소년,분절된 아동청소년 청잭 통합,
3,심상정,정의당,경제,부동산,부동산 불평등 해소,
3,심상정,정의당,경제,,금융투자소득 세제 개편 | 기후위기 복지 지출 대응,
3,심상정,정의당,경제,,불공정 구조 개혁 | 플랫폼 노동자 권리 강화,
3,심상정,정의당,행정,,다이버시티 지역 균형발전 | 자치분권,
3,심상정,정의당,복지,의료,공공 의료 확대 | 병원비 연간 100만원 상한제,
3,심상정,정의당,복지,,건강한 노후 | 공공 돌봄 실현,
3,심상정,정의당,복지,아동 청소년,국공립 어린이집 확대 | 아동기본권,
3,심상정,정의당,교육,,유아 교육부터 직업교육까지,
3,심상정,정의당,복지,문화,문화 다양성 보장,
3,심상정,정의당,행정,,보편적 정보 접근권 보장,
3,심상정,정의당,복지,동물,생명 존중 사회,
3,심상정,정의당,복지,,삶터가 안전한 나라,
3,심상정,정의당,복지,장애인,장애시민의 삶이 선진국인 나라,
3,심상정,정의당,성,성소수자,차별 없는 대한민국,
3,심상정,정의당,복지,,이주사회 전환 기반 구축,
3,심상정,정의당,정치,,특권과 부패가 없는 나라,
3,심상정,정의당,정치,국방,군비증강 대결 중지 | 안보정책 전환,
3,심상정,정의당,정치,통일,평화선언 추진 | 과정으로서의 통일,
5,오준호,기본소득당,경제,,전국민 월 65만원 기본소득,
5,오준호,기본소득당,경제,부동산,토지세로 부동산 불평등 해소,
5,오준호,기본소득당,성,,성범죄 근절 | 건강권 보장 | 성평등 노동,
5,오준호,기본소득당,성,성소수자,다양한 가족 구성원 보장,
5,오준호,기본소득당,정치,,평등한 정치참여,
5,오준호,기본소득당,환경,,그린뉴딜로 탄소중립 달성,
5,오준호,기본소득당,행정,통신,다지털 기본권 보장,
5,오준호,기본소득당,복지,,통합 돌봄과 기본권 보장,
5,오준호,기본소득당,경제,,디지털 혁신 위한 디지털 뉴딜,
5,오준호,기본소득당,경제,노동,주 3일 휴식제 | 사각지대 해소,
5,오준호,기본소득당,복지,동물,동물의 권리보장 | 동물 이용 산업 규제,
5,오준호,기본소득당,환경,,생태위기 극복하는 공존사회,
5,오준호,기본소득당,경제,,재정 및 통화제도 민주화,
6,허경영,국가혁명당,코로나19,,코로나 긴급 생계지원 1억,
6,허경영,국가혁명당,경제,,국민 배당금 월 150만,
6,허경영,국가혁명당,복지,,연애부터 결혼을 거쳐 육아까지 보장,
6,허경영,국가혁명당,정치,,국회의원 축소 | 지방자치단체장 선거 폐지,
6,허경영,국가혁명당,정치,국방,모병제 전환 | 처우 개선,
6,허경영,국가혁명당,교육,,중고등 시험 축소 | 대입 축소,
6,허경영,국가혁명당,복지,청년,청년 취업 국가 책임제,
6,허경영,국가혁명당,경제,,세제 개혁과 악법 폐지,
6,허경영,국가혁명당,경제,부동산,청년층 주거난 해결,
6,허경영,국가혁명당,복지,동물,반려동물 무료 진료카드 | 관리체계 구축,
6,허경영,국가혁명당,복지,아동 청소년,무료 안경카드 및 식사카드,
6,허경영,국가혁명당,행정,교통,철도 및 전철 건설,
7,노동당,이백윤,경제,,재벌 국유화 | 국가투자은행설립,
7,노동당,이백윤,경제,일자리,1 |000만 국가책임일자리,
7,노동당,이백윤,환경,,전 기업 탄소배출 감축의무,
7,노동당,이백윤,복지,,공공가사돌봄사회 | 보육과 요양의 국공립화,
7,노동당,이백윤,경제,부동산,공공부택 1 |000만호 확대,
7,노동당,이백윤,복지,의료,의료공영화,
7,노동당,이백윤,교육,,입시폐지 | 공공대학체제,
7,노동당,이백윤,행정,교통, 전 지역 통합교통공사 설립 ,
7,노동당,이백윤,행정,통신,통신산업 공영화,
7,노동당,이백윤,복지,,공공에너지 체제,
7,노동당,이백윤,성,,성폭력 없는 사회 | 여성가족부 개편,
7,노동당,이백윤,성,여성,재생산 권리 보장,
7,노동당,이백윤,성,성소수자,차별금지법 제정,
7,노동당,이백윤,복지,장애인,국가 책임 장애인 기본권 보장,
7,노동당,이백윤,정치,통일,한반도 평화조약 체결 | 비핵지대화,
7,노동당,이백윤,정치,,자유로운 정치활동 보장,
